coin_id,price_usd,fetch_date,pct_change,year,month,year_month,risk_level,rolling_7d_trend,rolling_7d_variance,price_lag_1,price_lag_2,price_lag_3,price_lag_4,price_lag_5,price_lag_6,price_lag_7,next_day_price,price_skew_7d,day_of_week,day_name,is_weekend,week_of_year,day_of_month,quarter,day_of_year,return_abs,return_rolling_mean_7d,is_us_holiday,is_china_holiday,is_pre_us_holiday,price_normalized,price_standardized
cardano,0.99333474,2025-01-08,-9.21382138280913,2025,1,2025-01,Low Risk,17.657302240484807,0.0079440898634454,1.09414754,1.09397671,1.07192051,1.09048655,0.9618481,0.91475833,0.84426102,0.94789953,-0.7035854816631093,2,Miércoles,0,2,8,1,8,9.21382138280913,5.694524469480986,0,0,0,0.7503046342426041,1.4728525045790113
cardano,0.94789953,2025-01-09,-4.574007952243764,2025,1,2025-01,Low Risk,3.622945964318247,0.0048740886905244,0.99333474,1.09414754,1.09397671,1.07192051,1.09048655,0.9618481,0.91475833,0.90605821,-0.478429254108634,3,Jueves,0,2,9,1,9,4.574007952243764,5.1550714016962385,0,0,0,0.6720664295854248,1.153784588158265
cardano,0.90605821,2025-01-10,-4.414109161969948,2025,1,2025-01,Low Risk,-5.800280730398077,0.0051135474737649,0.94789953,0.99333474,1.09414754,1.09397671,1.07192051,1.09048655,0.9618481,0.93167131,-0.7177000555957834,4,Viernes,0,2,10,1,10,4.414109161969948,5.050260912794655,0,0,0,0.6000168064564344,0.8599546973600548
cardano,0.93167131,2025-01-11,2.8268713552079605,2025,1,2025-01,Low Risk,-14.563704614238482,0.0056515485793932,0.90605821,0.94789953,0.99333474,1.09414754,1.09397671,1.07192051,1.09048655,0.99613688,0.04250584076218099,5,Sábado,1,2,11,1,11,2.8268713552079605,3.5435151033399483,0,0,0,0.6441218729831393,1.0398222153065164
cardano,0.99613688,2025-01-12,6.91934691001701,2025,1,2025-01,Low Risk,-7.069892710607806,0.0048726523824554,0.93167131,0.90605821,0.94789953,0.99333474,1.09414754,1.09397671,1.07192051,0.96918696,0.5016972304425008,6,Domingo,1,2,12,1,12,6.91934691001701,4.288772312500078,0,0,0,0.75512984365174,1.4925304805654596
cardano,0.96918696,2025-01-13,-2.705443452711032,2025,1,2025-01,Low Risk,-11.40698415782544,0.0042926854557023,0.99613688,0.93167131,0.90605821,0.94789953,0.99333474,1.09414754,1.09397671,0.945061,1.179280959540373,0,Lunes,0,3,13,1,13,2.705443452711032,4.381316531581368,0,0,0,0.7087228091854174,1.3032751690547215
cardano,0.945061,2025-01-14,-2.489298865515066,2025,1,2025-01,Low Risk,-13.625816861956295,0.0029049920049065,0.96918696,0.99613688,0.93167131,0.90605821,0.94789953,0.99333474,1.09414754,0.99442145,-0.09589948605261941,1,Martes,0,3,14,1,14,2.489298865515066,4.73469986863913,0,0,0,0.6671785575789888,1.1338510640742387
cardano,0.99442145,2025-01-15,5.222990896883895,2025,1,2025-01,Low Risk,0.1094001806480671,0.0009707956542483,0.945061,0.96918696,0.99613688,0.93167131,0.90605821,0.94789953,0.99333474,1.08448099,-0.08284305309527894,2,Miércoles,0,3,15,1,15,5.222990896883895,4.164581227792668,0,0,0,0.75217591951636,1.4804839053242396
cardano,1.08448099,2025-01-16,9.056476004213309,2025,1,2025-01,Low Risk,14.4088540691649,0.002628289398727,0.99442145,0.945061,0.96918696,0.99613688,0.93167131,0.90605821,0.94789953,1.09067007,1.0325322596407827,3,Jueves,0,3,16,1,16,9.056476004213309,4.80493380664546,0,0,0,0.9072560153682647,2.1129253484607613
cardano,1.09067007,2025-01-17,0.5706951119539561,2025,1,2025-01,Low Risk,20.37527588873127,0.0040023523375855,1.08448099,0.99442145,0.945061,0.96918696,0.99613688,0.93167131,0.90605821,1.13695372,0.6579220387851565,4,Viernes,0,3,17,1,17,0.5706951119539561,4.255874656643175,0,0,0,0.917913443994206,2.156388047547247
cardano,1.13695372,2025-01-18,4.2435976995316205,2025,1,2025-01,Low Risk,22.03378034684784,0.0050046776474512,1.09067007,1.08448099,0.99442145,0.945061,0.96918696,0.99613688,0.93167131,1.10093106,0.36590494059225337,5,Sábado,1,3,18,1,18,4.2435976995316205,4.458264134403699,0,0,0,0.9976126394195435,2.481414118073763
cardano,1.10093106,2025-01-19,-3.1683488400917503,2025,1,2025-01,Low Risk,10.520058247416753,0.0044609160225822,1.13695372,1.09067007,1.08448099,0.99442145,0.945061,0.96918696,0.99613688,0.99178294,-0.30758882830072326,6,Domingo,1,3,19,1,19,3.1683488400917503,3.922407267271518,0,0,1,0.9355825916795641,2.2284456588076353
cardano,0.99178294,2025-01-20,-9.914164834263095,2025,1,2025-01,Low Risk,2.331436650777885,0.0045104401689062,1.10093106,1.13695372,1.09067007,1.08448099,0.99442145,0.945061,0.96918696,1.00682016,-0.3558668724681983,0,Lunes,0,4,20,1,20,9.914164834263095,4.952224607493242,1,0,0,0.7476324765484499,1.4619550179667185
cardano,1.00682016,2025-01-21,1.516180546521606,2025,1,2025-01,Low Risk,6.534939014518626,0.0040067711679846,0.99178294,1.10093106,1.13695372,1.09067007,1.08448099,0.99442145,0.945061,1.00463102,-0.06496306269107181,1,Martes,0,4,21,1,21,1.516180546521606,4.813207704779891,0,0,0,0.7735261633132964,1.567553615489661
cardano,1.00463102,2025-01-22,-0.2174310852098959,2025,1,2025-01,Low Risk,1.026684410317169,0.0029230839378231,1.00682016,0.99178294,1.10093106,1.13695372,1.09067007,1.08448099,0.99442145,0.98025034,-0.047594921344036985,2,Miércoles,0,4,22,1,22,0.2174310852098959,4.098127731683605,0,0,0,0.7697565233502981,1.5521804205918421
cardano,0.98025034,2025-01-23,-2.426829304952172,2025,1,2025-01,Low Risk,-9.611108996940564,0.0031466857618201,1.00463102,1.00682016,0.99178294,1.10093106,1.13695372,1.09067007,1.08448099,0.9880341,0.4996426959454126,3,Jueves,0,4,23,1,23,2.426829304952172,3.1510353460748703,0,0,0,0.727773650782499,1.3809675491531288
cardano,0.9880341,2025-01-24,0.7940583830861048,2025,1,2025-01,Low Risk,-9.410359083201026,0.0033222085376716,0.98025034,1.00463102,1.00682016,0.99178294,1.10093106,1.13695372,1.09067007,0.97156909,1.2540898139279693,4,Viernes,0,4,24,1,24,0.7940583830861048,3.182944384808035,0,0,0,0.7411770753046343,1.4356288588536708
cardano,0.97156909,2025-01-25,-1.6664414720099274,2025,1,2025-01,Low Risk,-14.546293933582444,0.003290819027764,0.9880341,0.98025034,1.00463102,1.00682016,0.99178294,1.10093106,1.13695372,0.97759903,2.1986774332508614,5,Sábado,1,4,25,1,25,1.6664414720099274,2.814779209447793,0,0,0,0.7128247727167845,1.320003632634913
cardano,0.97759903,2025-01-26,0.6206393412536482,2025,1,2025-01,Low Risk,-11.202520710061526,0.0015134369967986,0.97156909,0.9880341,0.98025034,1.00463102,1.00682016,0.99178294,1.10093106,0.95417804,0.30156952411900995,6,Domingo,1,4,26,1,26,0.6206393412536482,2.4508207096137786,0,0,0,0.7232081665602488,1.362348774033888
cardano,0.95417804,2025-01-27,-2.39576649334442,2025,1,2025-01,Low Risk,-3.791646184194297,0.0002651412709576,0.97759903,0.97156909,0.9880341,0.98025034,1.00463102,1.00682016,0.99178294,0.93316462,-0.13540236751150633,0,Lunes,0,5,27,1,27,2.39576649334442,1.3767638037682535,0,0,0,0.6828778542563385,1.1978753077549564
cardano,0.93316462,2025-01-28,-2.2022535752342365,2025,1,2025-01,Low Risk,-7.315660028102733,0.0005321574638533,0.95417804,0.97759903,0.97156909,0.9880341,0.98025034,1.00463102,1.00682016,0.91623589,-0.5973824933334412,1,Martes,0,5,28,1,28,2.2022535752342365,1.4747742364414864,0,1,0,0.6466933124767964,1.050308956982636
cardano,0.91623589,2025-01-29,-1.8141204281833967,2025,1,2025-01,Low Risk,-8.798765739883274,0.0007550232596369,0.93316462,0.95417804,0.97759903,0.97156909,0.9880341,0.98025034,1.00463102,0.94163261,-0.8234283150660693,2,Miércoles,0,5,29,1,29,1.8141204281833967,1.7028727140091295,0,1,0,0.6175424965715519,0.9314272656963105
cardano,0.94163261,2025-01-30,2.7718538726964725,2025,1,2025-01,Low Risk,-3.93957833261247,0.0005760849481568,0.91623589,0.93316462,0.95417804,0.97759903,0.97156909,0.9880341,0.98025034,0.96096844,-0.1932110221800785,3,Jueves,0,5,30,1,30,2.7718538726964725,1.7521619379726008,0,1,0,0.6612749625815268,1.1097752591208174
cardano,0.96096844,2025-01-31,2.053436743232595,2025,1,2025-01,Low Risk,-2.739344725045423,0.0005086872660485,0.94163261,0.91623589,0.93316462,0.95417804,0.97759903,0.97156909,0.9880341,0.94253078,-0.40357746264178523,4,Viernes,0,5,31,1,31,2.053436743232595,1.9320731322792424,0,1,0,0.6945707396838321,1.2455607653475034
cardano,0.94253078,2025-02-01,-1.9186540611052736,2025,2,2025-02,Low Risk,-2.9888054590127,0.0003641724757524,0.96096844,0.94163261,0.91623589,0.93316462,0.95417804,0.97759903,0.97156909,0.89826301,0.07343652598460337,5,Sábado,1,5,1,1,32,1.9186540611052736,1.9681035021500062,0,0,0,0.6628215870667431,1.1160826412258331
cardano,0.89826301,2025-02-02,-4.69669223958925,2025,2,2025-02,Low Risk,-8.115394713515634,0.0005517834892563,0.94253078,0.96096844,0.94163261,0.91623589,0.93316462,0.95417804,0.97759903,0.79810568,-0.7519762902537959,6,Domingo,1,5,2,1,33,4.69669223958925,2.5503967733408066,0,0,0,0.5865936825632325,0.8052130504724756
cardano,0.79810568,2025-02-03,-11.150111814133355,2025,2,2025-02,Low Risk,-16.356733592401675,0.0024140657268058,0.89826301,0.94253078,0.96096844,0.94163261,0.91623589,0.93316462,0.95417804,0.80952528,-1.9467342692042793,0,Lunes,0,6,3,1,34,11.150111814133355,3.8010175334535115,0,1,0,0.41412546501880754,0.10186006503749828
cardano,0.80952528,2025-02-04,1.4308380814931576,2025,2,2025-02,Low Risk,-13.249467173326824,0.0033992387633455,0.79810568,0.89826301,0.94253078,0.96096844,0.94163261,0.91623589,0.93316462,0.74697036,-0.8649576677403488,1,Martes,0,6,4,1,35,1.4308380814931576,3.690815320061929,0,1,0,0.433789707836286,0.18205399345465212
cardano,0.74697036,2025-02-05,-7.727358434068909,2025,2,2025-02,Low Risk,-18.4740121891536,0.005649799389647,0.80952528,0.79810568,0.89826301,0.94253078,0.96096844,0.94163261,0.91623589,0.73326634,-0.40909515943295666,2,Miércoles,0,6,5,1,36,7.727358434068909,4.535563606617002,0,0,0,0.3260718248712138,-0.2572367677472107
cardano,0.73326634,2025-02-06,-1.8346136250975251,2025,2,2025-02,Low Risk,-22.128191800834085,0.0075065878484623,0.74697036,0.80952528,0.79810568,0.89826301,0.94253078,0.96096844,0.94163261,0.70398155,0.21021491522934604,3,Jueves,0,6,6,1,37,1.8346136250975251,4.401672142674295,0,0,0,0.3024738725037419,-0.353472993088488
cardano,0.70398155,2025-02-07,-3.99374530133213,2025,2,2025-02,Low Risk,-26.74249010716732,0.0084718991985764,0.73326634,0.74697036,0.80952528,0.79810568,0.89826301,0.94253078,0.96096844,0.70686034,0.639521093016684,4,Viernes,0,6,7,1,38,3.99374530133213,4.678859079545658,0,0,0,0.2520462549498115,-0.559124885709192
cardano,0.70686034,2025-02-08,0.4089297510708967,2025,2,2025-02,Low Risk,-25.00400464375285,0.0068459430194947,0.70398155,0.73326634,0.74697036,0.80952528,0.79810568,0.89826301,0.94253078,0.70217848,1.044667297212008,5,Sábado,1,6,8,1,39,0.4089297510708967,4.463184178112175,0,0,0,0.25700345358903953,-0.5389086365246304
cardano,0.70217848,2025-02-09,-0.6623458319927722,2025,2,2025-02,Low Risk,-21.829300307044807,0.0041456611657399,0.70686034,0.70398155,0.73326634,0.74697036,0.80952528,0.79810568,0.89826301,0.68290851,0.7420112094157527,6,Domingo,1,6,9,1,40,0.6623458319927722,3.886848977026964,0,0,0,0.2489414171011206,-0.5717869112189394
cardano,0.68290851,2025-02-10,-2.7443122438044587,2025,2,2025-02,Low Risk,-14.433824102091354,0.0019031997249022,0.70217848,0.70686034,0.70398155,0.73326634,0.74697036,0.80952528,0.79810568,0.70928848,1.429411467276019,0,Lunes,0,7,10,1,41,2.7443122438044587,2.6860204669799788,0,0,0,0.21575904914028787,-0.7071099168216498
cardano,0.70928848,2025-02-11,3.862884941937539,2025,2,2025-02,Low Risk,-12.382170449328031,0.001375323855976,0.68290851,0.70217848,0.70686034,0.70398155,0.73326634,0.74697036,0.80952528,0.77987444,0.5925115881272622,1,Martes,0,7,11,1,42,3.862884941937539,3.0334557327577474,0,0,0,0.26118464509792183,-0.521857068575943
cardano,0.77987444,2025-02-12,9.951657469468556,2025,2,2025-02,Low Risk,4.405004771541399,0.0008402698522958,0.70928848,0.68290851,0.70217848,0.70686034,0.70398155,0.73326634,0.74697036,0.79797543,1.560748942708204,2,Miércoles,0,7,12,1,43,9.951657469468556,3.3512127378148397,0,0,0,0.38273176206741466,-0.026168478476807155
cardano,0.79797543,2025-02-13,2.321013367228719,2025,2,2025-02,Low Risk,8.824773001308106,0.0014602239261168,0.77987444,0.70928848,0.68290851,0.70217848,0.70686034,0.70398155,0.73326634,0.81025605,1.1145508831697142,3,Jueves,0,7,13,1,44,2.321013367228719,3.420698415262153,0,0,0,0.41390117803616566,0.1009453868371818
cardano,0.81025605,2025-02-14,1.5389721961740044,2025,2,2025-02,Low Risk,15.096205291175613,0.0022283433698019,0.79797543,0.77987444,0.70928848,0.68290851,0.70217848,0.70686034,0.70398155,0.80091584,0.37337682326414295,4,Viernes,0,7,14,1,45,1.5389721961740044,3.0700165430967066,0,0,0,0.4350480740420837,0.1871858121759211
cardano,0.80091584,2025-02-15,-1.1527479492439374,2025,2,2025-02,Low Risk,13.306093817627415,0.0024640122421093,0.81025605,0.79797543,0.77987444,0.70928848,0.68290851,0.70217848,0.70686034,0.78147831,-0.35687181191451056,5,Sábado,1,7,15,1,46,1.1527479492439374,3.1762762856928553,0,0,0,0.41896448465136604,0.12159436132464933
cardano,0.78147831,2025-02-16,-2.426912920089086,2025,2,2025-02,Low Risk,11.29340078892762,0.0022909639473646,0.80091584,0.81025605,0.79797543,0.77987444,0.70928848,0.68290851,0.70217848,0.7713503,-1.1333021975312199,6,Domingo,1,7,16,1,47,2.426912920089086,3.428357298278043,0,0,1,0.3854935828954358,-0.01490533125882878
cardano,0.7713503,2025-02-17,-1.296006539196204,2025,2,2025-02,Low Risk,12.95075236359262,0.0018470833418515,0.78147831,0.80091584,0.81025605,0.79797543,0.77987444,0.70928848,0.68290851,0.80728728,-1.7713184895443908,0,Lunes,0,8,17,1,48,1.296006539196204,3.2214564833340065,1,0,0,0.3680534231789965,-0.08602909294472122
cardano,0.80728728,2025-02-18,4.658970120320172,2025,2,2025-02,Low Risk,13.816493960257192,0.0009319137389017,0.7713503,0.78147831,0.80091584,0.81025605,0.79797543,0.77987444,0.70928848,0.75345734,-0.2847697857262675,1,Martes,0,8,18,1,49,4.658970120320172,3.335182937388668,0,0,0,0.42993593227273585,0.16633768011639266
cardano,0.75345734,2025-02-19,-6.668002993928024,2025,2,2025-02,Low Risk,-3.387352969280544,0.0003390471671361,0.80728728,0.7713503,0.78147831,0.80091584,0.81025605,0.79797543,0.77987444,0.77205384,-0.8183660265645714,2,Miércoles,0,8,19,1,50,6.668002993928024,2.866089440882878,0,0,0,0.33724222925246394,-0.21168207145631582
cardano,0.77205384,2025-02-20,2.468155662270144,2025,2,2025-02,Low Risk,-3.2484195660009263,0.0003612800502718,0.75345734,0.80728728,0.7713503,0.78147831,0.80091584,0.81025605,0.79797543,0.80481944,-0.16768528840561053,3,Jueves,0,8,20,1,51,2.468155662270144,2.887109768745939,0,0,0,0.36926490006013135,-0.08108849639154946
cardano,0.80481944,2025-02-21,4.243952727441913,2025,2,2025-02,Low Risk,-0.6709743173161087,0.0003854443428834,0.77205384,0.75345734,0.80728728,0.7713503,0.78147831,0.80091584,0.81025605,0.76163802,-0.2561743113465476,4,Viernes,0,8,21,1,52,4.243952727441913,3.2735355589270685,0,0,0,0.42568637843593904,0.1490073196567453
cardano,0.76163802,2025-02-22,-5.365354991922167,2025,2,2025-02,Low Risk,-4.904113271127219,0.0003698457113485,0.80481944,0.77205384,0.75345734,0.80728728,0.7713503,0.78147831,0.80091584,0.77425021,0.4887739452281207,5,Sábado,1,8,22,1,53,5.365354991922167,3.875336565023958,0,0,0,0.35132913929590615,-0.1542333984446825
cardano,0.77425021,2025-02-23,1.6559296764097953,2025,2,2025-02,Low Risk,-0.9249265024386832,0.0003190171498856,0.76163802,0.80481944,0.77205384,0.75345734,0.80728728,0.7713503,0.78147831,0.7709438,0.6945885254568728,6,Domingo,1,8,23,1,54,1.6559296764097953,3.7651961016412026,0,0,0,0.37304698988788587,-0.06566452895332138
cardano,0.7709438,2025-02-24,-0.4270467036747827,2025,2,2025-02,Low Risk,-0.0526997915214488,0.0003227631706151,0.77425021,0.76163802,0.80481944,0.77205384,0.75345734,0.80728728,0.7713503,0.6799958,0.7027567597841835,0,Lunes,0,9,24,1,55,0.4270467036747827,3.6410589822809993,0,0,0,0.36735344115639434,-0.08888373162747544
cardano,0.6799958,2025-02-25,-11.796968858170976,2025,2,2025-02,Low Risk,-15.767804492101,0.0013640291270716,0.7709438,0.77425021,0.76163802,0.80481944,0.77205384,0.75345734,0.80728728,0.68263254,-1.6500970967693733,1,Martes,0,9,25,1,56,11.796968858170976,4.660773087688257,0,0,0,0.21074344117705834,-0.7275643685747692
cardano,0.68263254,2025-02-26,0.3877582773305299,2025,2,2025-02,Low Risk,-9.399974788220922,0.0017630765296729,0.6799958,0.7709438,0.77425021,0.76163802,0.80481944,0.77205384,0.75345734,0.6446208,-0.8737399957016958,2,Miércoles,0,9,26,1,57,0.3877582773305299,3.763595271031473,0,0,0,0.21528383625276648,-0.7090479110092994
cardano,0.6446208,2025-02-27,-5.568404342400668,2025,2,2025-02,Low Risk,-16.505719342060388,0.0029638842242431,0.68263254,0.6799958,0.7709438,0.77425021,0.76163802,0.80481944,0.77205384,0.64612869,-0.34374705782204434,3,Jueves,0,9,27,1,58,5.568404342400668,4.206487939621547,0,0,0,0.1498286464672347,-0.9759846475474853
cardano,0.64612869,2025-02-28,0.2339189179126677,2025,2,2025-02,Low Risk,-19.71755925776346,0.0035748642176068,0.6446208,0.68263254,0.6799958,0.7709438,0.77425021,0.76163802,0.80481944,0.63407187,0.14929660509969128,4,Viernes,0,9,28,1,59,0.2339189179126677,3.633625966831655,0,0,0,0.15242519232716378,-0.9653955180927811
cardano,0.63407187,2025-03-01,-1.8660090763033543,2025,3,2025-03,Medium Risk,-16.748920963793278,0.0031698204337593,0.64612869,0.6446208,0.68263254,0.6799958,0.7709438,0.77425021,0.76163802,1.13834013,0.8507766755349511,5,Sábado,1,9,1,1,60,1.8660090763033543,3.1337194074575394,0,0,0,0.13166367387760092,-1.0500643120976945
cardano,1.13834013,2025-03-03,79.52856511360456,2025,3,2025-03,Medium Risk,47.02483968328532,0.0245627310828503,0.63407187,0.64612869,0.6446208,0.68263254,0.6799958,0.7709438,0.77425021,0.85680797,2.32056745742327,0,Lunes,0,10,3,1,62,79.52856511360456,14.258381612771077,0,0,0,1.0,2.491150156489893
cardano,0.85680797,2025-03-04,-24.731813680327697,2025,3,2025-03,Medium Risk,11.137539467857447,0.0258835778449503,1.13834013,0.63407187,0.64612869,0.6446208,0.68263254,0.6799958,0.7709438,0.90734604,1.910094557049033,1,Martes,0,10,4,1,63,24.731813680327697,17.73049118086435,0,0,0,0.5152092231628786,0.5140958037834273
cardano,0.90734604,2025-03-07,5.898412686333909,2025,3,2025-03,Medium Risk,33.434065328050536,0.0284045326721151,0.85680797,1.13834013,0.63407187,0.64612869,0.6446208,0.68263254,0.6799958,0.72138815,1.1847368493834312,4,Viernes,0,10,7,1,66,5.898412686333909,16.88784029917334,0,0,0,0.6022344149390111,0.8689984595613107
cardano,0.72138815,2025-03-10,-20.494704534115783,2025,3,2025-03,Medium Risk,5.677375121906736,0.0276218237516852,0.90734604,0.85680797,1.13834013,0.63407187,0.64612869,0.6446208,0.68263254,0.67509871,1.1489821407860925,0,Lunes,0,11,10,1,69,20.494704534115783,19.760261192999803,0,0,0,0.28201995009033487,-0.43688736124370847
cardano,0.67509871,2025-03-11,-6.4167175465801645,2025,3,2025-03,Medium Risk,4.728037010285746,0.0278093794560078,0.72138815,0.90734604,0.85680797,1.13834013,0.63407187,0.64612869,0.6446208,0.72297366,1.1813141612421203,1,Martes,0,11,11,1,70,6.4167175465801645,19.881448793596878,0,0,0,0.20231078444135409,-0.7619540919374409
cardano,0.72297366,2025-03-12,7.0915481381974566,2025,3,2025-03,Medium Risk,11.893136953878347,0.0258686747287823,0.67509871,0.72138815,0.90734604,0.85680797,1.13834013,0.63407187,0.64612869,0.73666692,1.2280644515720769,2,Miércoles,0,11,12,1,71,7.0915481381974566,20.86111011078042,0,0,0,0.2847501554941616,-0.42575314678394816
cardano,0.73666692,2025-03-13,1.8940192094965225,2025,3,2025-03,Medium Risk,16.180350344196782,0.0235592654654965,0.72297366,0.67509871,0.72138815,0.90734604,0.85680797,1.13834013,0.63407187,0.70172769,1.440936105173436,3,Jueves,0,11,13,1,72,1.8940192094965225,20.865111558379443,0,0,0,0.3083295794322036,-0.3295924833423669
cardano,0.70172769,2025-03-14,-4.742880269416738,2025,3,2025-03,Medium Risk,-38.35518299789712,0.021268855652729,0.73666692,0.72297366,0.67509871,0.72138815,0.90734604,0.85680797,1.13834013,0.73865271,1.123321540588263,4,Viernes,0,11,14,1,73,4.742880269416738,10.18144229492404,0,0,0,0.24816516889455542,-0.5749525756022078
cardano,0.73865271,2025-03-15,5.26201552627914,2025,3,2025-03,Medium Risk,-13.790168175022933,0.0056877185545966,0.70172769,0.73666692,0.72297366,0.67509871,0.72138815,0.90734604,0.85680797,0.74779332,2.1615220598467317,5,Sábado,1,11,15,1,74,5.26201552627914,7.400042558631388,0,0,0,0.3117490561866014,-0.3156473100340637
cardano,0.74779332,2025-03-16,1.237470583435618,2025,3,2025-03,Medium Risk,-17.584550211956618,0.004283301095634,0.73865271,0.70172769,0.73666692,0.72297366,0.67509871,0.72138815,0.90734604,0.70632266,-1.0566315500658638,6,Domingo,1,11,16,1,75,1.237470583435618,6.734193686788774,0,0,0,0.32748893976745097,-0.2514575464671155
cardano,0.70632266,2025-03-17,-5.545738226171904,2025,3,2025-03,Medium Risk,-2.0884027551603124,0.0004918789694278,0.74779332,0.73865271,0.70172769,0.73666692,0.72297366,0.67509871,0.72138815,0.71824754,-0.6746898904858254,0,Lunes,0,12,17,1,76,5.545738226171904,4.59862707136822,0,0,0,0.25607758314891016,-0.542684484315388
cardano,0.71824754,2025-03-18,1.6883048888733043,2025,3,2025-03,Medium Risk,6.391484587490925,0.0004909476563734,0.70632266,0.74779332,0.73865271,0.70172769,0.73666692,0.72297366,0.67509871,0.70283266,-0.06679053001086216,1,Martes,0,12,18,1,77,1.6883048888733043,3.923139548838669,0,0,0,0.2766119044814692,-0.4589422365043303
cardano,0.70283266,2025-03-19,-2.146179296346773,2025,3,2025-03,Medium Risk,-2.7858552965816186,0.0002746014348973,0.71824754,0.70632266,0.74779332,0.73865271,0.70172769,0.73666692,0.72297366,0.74546769,0.24358373005510908,2,Miércoles,0,12,19,1,78,2.146179296346773,3.2166582857171426,0,0,0,0.25006789739520596,-0.567192944346901
cardano,0.74546769,2025-03-20,6.066170857797082,2025,3,2025-03,Medium Risk,1.1946742497952911,0.0003359688215907,0.70283266,0.71824754,0.70632266,0.74779332,0.73865271,0.70172769,0.73666692,0.7177818,0.2107520038831681,3,Jueves,0,12,20,1,79,6.066170857797082,3.8126799497600805,0,0,0,0.32348426771032024,-0.26778923984908887
cardano,0.7177818,2025-03-21,-3.71389536681328,2025,3,2025-03,Medium Risk,2.287797706828409,0.0003185436098907,0.74546769,0.70283266,0.71824754,0.70632266,0.74779332,0.73865271,0.70172769,0.70422533,0.11038209494189985,4,Viernes,0,12,21,1,80,3.71389536681328,3.665682106531015,0,0,0,0.275809912778624,-0.46221288698429497
cardano,0.70422533,2025-03-22,-1.8886617074994168,2025,3,2025-03,Medium Risk,-4.660834453582385,0.0003063471022417,0.7177818,0.74546769,0.70283266,0.71824754,0.70632266,0.74779332,0.73865271,0.70048881,0.8191241723034028,5,Sábado,1,12,22,1,81,1.8886617074994168,3.183774418133911,0,0,0,0.25246603752661323,-0.5574129451973059
cardano,0.70048881,2025-03-23,-0.5305858566604038,2025,3,2025-03,Medium Risk,-6.325880257930095,0.0003131160423652,0.70422533,0.7177818,0.74546769,0.70283266,0.71824754,0.70632266,0.74779332,0.70858988,1.663939379680941,6,Domingo,1,12,23,1,82,0.5305858566604038,3.0827908857374524,0,0,0,0.24603185099010005,-0.5836525873396984
cardano,0.70858988,2025-03-24,1.1564881386185275,2025,3,2025-03,Medium Risk,0.3209892770536404,0.0001881860603338,0.70048881,0.70422533,0.7177818,0.74546769,0.70283266,0.71824754,0.70632266,0.72996089,1.6422185852301436,0,Lunes,0,13,24,1,83,1.1564881386185275,2.455755158944112,0,0,0,0.25998167476338385,-0.5267629740710763
cardano,0.72996089,2025-03-25,3.015991422287878,2025,3,2025-03,Medium Risk,1.6308235458766696,0.0002098731871362,0.70858988,0.70048881,0.70422533,0.7177818,0.74546769,0.70283266,0.71824754,0.74562094,1.1107325987613146,1,Martes,0,13,25,1,84,3.015991422287878,2.645424663717623,0,0,0,0.296781976866326,-0.3766854541805127
cardano,0.74562094,2025-03-26,2.14532726541008,2025,3,2025-03,Medium Risk,6.087975479113328,0.0003075556953958,0.72996089,0.70858988,0.70048881,0.70422533,0.7177818,0.74546769,0.70283266,0.72800962,0.3537577727082829,2,Miércoles,0,13,26,1,85,2.14532726541008,2.6453029450123813,0,0,0,0.3237481600718546,-0.2667130445769315
cardano,0.72800962,2025-03-27,-2.361966926518988,2025,3,2025-03,Medium Risk,-2.3418949250503363,0.000272789964295,0.74562094,0.72996089,0.70858988,0.70048881,0.70422533,0.7177818,0.74546769,0.73813078,0.4955768241273659,3,Jueves,0,13,27,1,86,2.361966926518988,2.116130954829796,0,0,0,0.2934219426197273,-0.39038821143142655
cardano,0.73813078,2025-03-28,1.390250859597142,2025,3,2025-03,Medium Risk,2.834981327194419,0.0002365829153009,0.72800962,0.74562094,0.72996089,0.70858988,0.70048881,0.70422533,0.7177818,0.70545001,-0.02988859751490149,4,Viernes,0,13,28,1,87,1.390250859597142,1.7841817395132051,0,0,0,0.31085030682114834,-0.3193125537430172
cardano,0.70545001,2025-03-29,-4.427504025777118,2025,3,2025-03,Medium Risk,0.173904565460603,0.0002649903169149,0.73813078,0.72800962,0.74562094,0.72996089,0.70858988,0.70048881,0.70422533,0.67405594,-0.024869447864069236,5,Sábado,1,13,29,1,88,4.427504025777118,2.1468734992671625,0,0,0,0.2545749034145348,-0.5488126526954741
cardano,0.67405594,2025-03-30,-4.450218946059681,2025,3,2025-03,Medium Risk,-3.773489258165297,0.0004839696347241,0.70545001,0.73813078,0.72800962,0.74562094,0.72996089,0.70858988,0.70048881,0.66011522,-0.9834356022409497,6,Domingo,1,13,30,1,89,4.450218946059681,2.706821083467059,0,0,0,0.20051516266101332,-0.7692769248506387
cardano,0.66011522,2025-03-31,-2.0681844299154206,2025,3,2025-03,Medium Risk,-6.841003712895255,0.0008217249384912,0.67405594,0.70545001,0.73813078,0.72800962,0.74562094,0.72996089,0.70858988,0.66113768,-0.782303176569936,0,Lunes,0,14,31,1,90,2.0681844299154206,2.8370634107951864,0,0,0,0.17650961928554665,-0.8671753715356004
cardano,0.66113768,2025-04-01,0.1548911415797826,2025,4,2025-04,Low Risk,-9.428342112958957,0.0010994640589996,0.66011522,0.67405594,0.70545001,0.73813078,0.72800962,0.74562094,0.72996089,0.6782919,-0.04979305938405237,1,Martes,0,14,1,2,91,0.1548911415797826,2.428334799265459,0,0,0,0.1782702677943524,-0.8599951652193197
cardano,0.6782919,2025-04-02,2.594651691913863,2025,4,2025-04,Low Risk,-9.029928800014664,0.0010730409008112,0.66113768,0.66011522,0.67405594,0.70545001,0.73813078,0.72800962,0.74562094,0.64168102,0.5348641069533169,2,Miércoles,0,14,2,2,92,2.594651691913863,2.4925240030517135,0,0,0,0.2078093713903142,-0.7395299746056282
cardano,0.64168102,2025-04-03,-5.397511012589106,2025,4,2025-04,Low Risk,-11.858167478611058,0.0010393718049317,0.6782919,0.66113768,0.66011522,0.67405594,0.70545001,0.73813078,0.72800962,0.65063523,0.9975904003156617,3,Jueves,0,14,3,2,93,5.397511012589106,2.9261731582045876,0,0,0,0.14476642469502154,-0.9966291978716803
cardano,0.65063523,2025-04-04,1.3954300845613332,2025,4,2025-04,Low Risk,-11.853665010419968,0.0008788334257512,0.64168102,0.6782919,0.66113768,0.66011522,0.67405594,0.70545001,0.73813078,0.66055905,0.8773012794335266,4,Viernes,0,14,4,2,94,1.3954300845613332,2.9269130474851863,0,1,0,0.16018533250954148,-0.933748424834782
cardano,0.66055905,2025-04-05,1.525250945910206,2025,4,2025-04,Low Risk,-6.363450189759002,0.0003357164005056,0.65063523,0.64168102,0.6782919,0.66113768,0.66011522,0.67405594,0.70545001,0.65621874,-0.08360001799485446,5,Sábado,1,14,5,2,95,1.525250945910206,2.512305464647056,0,0,0,0.17727388256006438,-0.8640585836227673
cardano,0.65621874,2025-04-06,-0.6570661623665597,2025,4,2025-04,Low Risk,-2.6462492118977554,0.0001213071657377,0.66055905,0.65063523,0.64168102,0.6782919,0.66113768,0.66011522,0.67405594,0.5730169,0.46366192595023287,6,Domingo,1,14,6,2,96,0.6570661623665597,1.9704264955480386,0,0,0,0.1697999859487005,-0.8945383298002393
cardano,0.5730169,2025-04-07,-12.678979573183168,2025,4,2025-04,Low Risk,-13.194411727092126,0.0008913632634707,0.65621874,0.66055905,0.65063523,0.64168102,0.6782919,0.66113768,0.66011522,0.58466537,-2.0460618415953915,0,Lunes,0,15,7,2,97,12.678979573183168,3.4862543731577174,0,0,0,0.02652866430687506,-1.4788217023470447
cardano,0.58466537,2025-04-08,2.032831841434324,2025,4,2025-04,Low Risk,-11.566775319779076,0.0012799499262357,0.5730169,0.65621874,0.66055905,0.65063523,0.64168102,0.6782919,0.66113768,0.55761093,-0.9215307783660283,1,Martes,0,15,8,2,98,2.032831841434324,3.7545316159940803,0,0,0,0.046587015083794814,-1.3970205386154466
cardano,0.55761093,2025-04-09,-4.627337514448648,2025,4,2025-04,Low Risk,-17.79189313627363,0.001860502301189,0.58466537,0.5730169,0.65621874,0.66055905,0.65063523,0.64168102,0.6782919,0.63200922,-0.43274826289647117,2,Miércoles,0,15,9,2,99,4.627337514448648,4.044915304927621,0,0,0,0.0,-1.587009839880481
cardano,0.63200922,2025-04-10,13.342329928862773,2025,4,2025-04,Low Risk,-1.507259790853721,0.0014820449506546,0.55761093,0.58466537,0.5730169,0.65621874,0.66055905,0.65063523,0.64168102,0.60994531,-0.3519126358551328,3,Jueves,0,15,10,2,100,13.342329928862773,5.179889435823859,0,0,0,0.12811184627878203,-1.0645492333252013
cardano,0.60994531,2025-04-11,-3.4910740700903165,2025,4,2025-04,Low Risk,-6.253875923687691,0.0014166131414673,0.63200922,0.55761093,0.58466537,0.5730169,0.65621874,0.66055905,0.65063523,0.62401366,0.03767746846135438,4,Viernes,0,15,11,2,101,3.4910740700903165,5.479267148042284,0,0,0,0.09011838908737513,-1.219492630567008
cardano,0.62401366,2025-04-12,2.30649367563791,2025,4,2025-04,Low Risk,-5.532494029110646,0.0012608390253897,0.60994531,0.63200922,0.55761093,0.58466537,0.5730169,0.65621874,0.66055905,0.65813599,0.03019914559604672,5,Sábado,1,15,12,2,102,2.30649367563791,5.5908732522891,0,0,0,0.11434370787623571,-1.1206979045829566
cardano,0.65813599,2025-04-13,5.468202410825418,2025,4,2025-04,Low Risk,0.2921662980853057,0.0012322202251122,0.62401366,0.60994531,0.63200922,0.55761093,0.58466537,0.5730169,0.65621874,0.63700426,0.07641785563389011,6,Domingo,1,15,13,2,103,5.468202410825418,6.278178430640366,0,0,0,0.1731014386739982,-0.8810744773660221
cardano,0.63700426,2025-04-14,-3.2108455275330017,2025,4,2025-04,Low Risk,11.166749183139268,0.0010599605385004,0.65813599,0.62401366,0.60994531,0.63200922,0.55761093,0.58466537,0.5730169,0.63473894,-0.6839675307878006,0,Lunes,0,16,14,2,104,3.2108455275330017,4.925587852690342,0,0,0,0.13671317026937868,-1.0294716579109298
cardano,0.63473894,2025-04-15,-0.3556208556595885,2025,4,2025-04,Low Risk,8.564483646431809,0.00091290912837,0.63700426,0.65813599,0.62401366,0.60994531,0.63200922,0.55761093,0.58466537,0.60806392,-1.5421275007260287,1,Martes,0,16,15,2,105,0.3556208556595885,4.685986283293951,0,0,0,0.13281235040359607,-1.045379825440611
cardano,0.60806392,2025-04-16,-4.202518282555657,2025,4,2025-04,Low Risk,9.048063315401668,0.0007820923724451,0.63473894,0.63700426,0.65813599,0.62401366,0.60994531,0.63200922,0.55761093,0.61066535,0.38997455242765433,2,Miércoles,0,16,16,2,106,4.202518282555657,4.625297821594953,0,0,0,0.08687868631368989,-1.2327046568187812
cardano,0.61066535,2025-04-17,0.4278217987345734,2025,4,2025-04,Low Risk,-3.377145352404831,0.0002599302402609,0.60806392,0.63473894,0.63700426,0.65813599,0.62401366,0.60994531,0.63200922,0.61689502,0.7828030934856595,3,Jueves,0,16,17,2,107,0.4278217987345734,2.780368088719495,0,0,0,0.09135827852293299,-1.2144361630709932
cardano,0.61689502,2025-04-18,1.0201446667966296,2025,4,2025-04,Low Risk,1.139398874958153,0.0002653158973164,0.61066535,0.60806392,0.63473894,0.63700426,0.65813599,0.62401366,0.60994531,0.62730438,0.8096935430909079,4,Viernes,0,16,18,2,108,1.0201446667966296,2.427378173963254,0,0,0,0.10208560203275474,-1.1706884214651148
cardano,0.62730438,2025-04-19,1.687379483141238,2025,4,2025-04,Low Risk,0.5273474301828562,0.0002332324166039,0.61689502,0.61066535,0.60806392,0.63473894,0.63700426,0.65813599,0.62401366,0.6280853,0.7057206178761822,5,Sábado,1,16,19,2,109,1.687379483141238,2.3389332893208725,0,0,0,0.12001023885143036,-1.0975888846417245
cardano,0.6280853,2025-04-20,0.1244882109702416,2025,4,2025-04,Low Risk,-4.566030494700657,0.0002319013084208,0.62730438,0.61689502,0.61066535,0.60806392,0.63473894,0.63700426,0.65813599,0.62020877,-0.22472532474216858,6,Domingo,1,16,20,2,110,0.1244882109702416,1.5755455464844184,0,0,0,0.12135496200294393,-1.0921048884790285
cardano,0.62020877,2025-04-21,-1.254054186588982,2025,4,2025-04,Low Risk,-2.6366369983145788,9.980851697966871e-05,0.6280853,0.62730438,0.61689502,0.61066535,0.60806392,0.63473894,0.63700426,0.62263714,0.029000956334254088,0,Lunes,0,17,21,2,111,1.254054186588982,1.2960039263495584,0,0,0,0.1077917900460319,-1.1474176737776
cardano,0.62263714,2025-04-22,0.3915407387741432,2025,4,2025-04,Low Risk,-1.906579104789119,7.162057773821872e-05,0.62020877,0.6280853,0.62730438,0.61689502,0.61066535,0.60806392,0.63473894,0.68213629,-0.3300508614331094,1,Martes,0,17,22,2,112,0.3915407387741432,1.3011353382230662,0,0,0,0.11197337760870307,-1.130364490658194
cardano,0.68213629,2025-04-23,9.555991150800924,2025,4,2025-04,Low Risk,12.181674913387395,0.0004792428607358,0.62263714,0.62020877,0.6280853,0.62730438,0.61689502,0.61066535,0.60806392,0.69726465,2.291811817883774,2,Miércoles,0,17,23,2,113,9.555991150800924,2.065917176543819,0,0,0,0.21442930715383368,-0.7125328173963016
cardano,0.69726465,2025-04-24,2.217791403533176,2025,4,2025-04,Low Risk,14.18113865474766,0.0009272472412968,0.68213629,0.62263714,0.62020877,0.6280853,0.62730438,0.61689502,0.61066535,0.72206764,1.2449552059154878,3,Jueves,0,17,24,2,114,2.217791403533176,2.321627120086476,0,0,0,0.24047993453747485,-0.6062941909199854
cardano,0.72206764,2025-04-25,3.557184492287102,2025,4,2025-04,Low Risk,17.048706277447344,0.0015191899759426,0.69726465,0.68213629,0.62263714,0.62020877,0.6280853,0.62730438,0.61689502,0.7138859,0.6553147233692023,4,Viernes,0,17,25,2,115,3.557184492287102,2.68406138087083,0,0,0,0.283190013520932,-0.4321156553678308
cardano,0.7138859,2025-04-26,-1.1330988326800018,2025,4,2025-04,Low Risk,13.802154545772494,0.0016950739954759,0.72206764,0.69726465,0.68213629,0.62263714,0.62020877,0.6280853,0.62730438,0.70759353,-0.09510312262323922,5,Sábado,1,17,26,2,116,1.1330988326800018,2.6048784308049386,0,0,0,0.26910127818611507,-0.4895717722097315
cardano,0.70759353,2025-04-27,-0.8814251689240438,2025,4,2025-04,Low Risk,12.658826754900977,0.0016595886876666,0.7138859,0.72206764,0.69726465,0.68213629,0.62263714,0.62020877,0.6280853,0.70407017,-0.8805710985282001,6,Domingo,1,17,27,2,117,0.8814251689240438,2.713012281941196,0,0,0,0.2582659869694861,-0.5337598233984109
cardano,0.70407017,2025-04-28,-0.4979355873986013,2025,4,2025-04,Low Risk,13.521479227067369,0.0014144192898259,0.70759353,0.7138859,0.72206764,0.69726465,0.68213629,0.62263714,0.62020877,0.70529067,-1.921705765243649,0,Lunes,0,18,28,2,118,0.4979355873986013,2.6049953391997134,0,0,0,0.2521988561966577,-0.558502553408907
cardano,0.70529067,2025-04-29,0.1733491989867941,2025,4,2025-04,Low Risk,13.274751005055684,0.0008549864411936,0.70407017,0.70759353,0.7138859,0.72206764,0.69726465,0.68213629,0.62263714,0.69573548,-0.6481831564739289,1,Martes,0,18,29,2,119,0.1733491989867941,2.5738251192300923,0,0,0,0.25430052423745875,-0.5499316148792621
cardano,0.69573548,2025-04-30,-1.3547875232774675,2025,4,2025-04,Low Risk,1.9936177270380997,0.0001285609968114,0.70529067,0.70407017,0.70759353,0.7138859,0.72206764,0.69726465,0.68213629,0.68202751,0.612708002439049,2,Miércoles,0,18,30,2,120,1.3547875232774675,1.4022246010124548,0,0,0,0.23784674509220483,-0.6170327587785501
cardano,0.68202751,2025-05-01,-1.9702847409765576,2025,5,2025-05,Low Risk,-2.185273554309697,0.0001291434278432,0.69573548,0.70529067,0.70407017,0.70759353,0.7138859,0.72206764,0.69726465,0.70485406,-0.594681894961685,3,Jueves,0,18,1,2,121,1.9702847409765576,1.3668665063615095,0,1,0,0.2142419909314015,-0.7132967229212955
cardano,0.70485406,2025-05-02,3.3468664629085154,2025,5,2025-05,Low Risk,-2.383929018062636,0.0001236279628696,0.68202751,0.69573548,0.70529067,0.70407017,0.70759353,0.7138859,0.72206764,0.69749864,-1.3199681438910476,4,Viernes,0,18,2,2,122,3.3468664629085154,1.3368210735931398,0,1,0,0.2535486936079674,-0.5529977004765
cardano,0.69749864,2025-05-03,-1.0435380055837329,2025,5,2025-05,Low Risk,-2.2955012838886457,8.138106063402528e-05,0.70485406,0.68202751,0.69573548,0.70529067,0.70407017,0.70759353,0.7138859,0.70134673,-1.5174038473800147,5,Sábado,1,18,3,2,123,1.0435380055837329,1.3240266697222443,0,0,0,0.24088285899865203,-0.6046510005008532
cardano,0.70134673,2025-05-04,0.5516985667527674,2025,5,2025-05,Low Risk,-0.8828232219703858,5.93418451446613e-05,0.69749864,0.70485406,0.68202751,0.69573548,0.70529067,0.70407017,0.70759353,0.67637565,-1.662359729905087,6,Domingo,1,18,4,2,124,0.5516985667527674,1.276922869412062,0,0,0,0.24750916606225437,-0.577627860110404
cardano,0.67637565,2025-05-05,-3.5604471984919672,2025,5,2025-05,Low Risk,-3.933488618045,0.0001051259196635,0.70134673,0.69749864,0.70485406,0.68202751,0.69573548,0.70529067,0.70407017,0.66316392,-0.9262060926063482,0,Lunes,0,19,5,2,125,3.5604471984919672,1.7144245281396857,0,1,0,0.2045096406380118,-0.7529868045584608
cardano,0.66316392,2025-05-06,-1.9533124824940076,2025,5,2025-05,Low Risk,-5.972962892022949,0.0002045912881449,0.67637565,0.70134673,0.69749864,0.70485406,0.68202751,0.69573548,0.70529067,0.67877619,-0.7633530993421261,1,Martes,0,19,6,2,126,1.9533124824940076,1.9687049972121449,0,0,0,0.18175939835641142,-0.8457659325390174
cardano,0.67877619,2025-05-07,2.354209800798568,2025,5,2025-05,Low Risk,-2.437606028084116,0.0001853417590934,0.66316392,0.67637565,0.70134673,0.69749864,0.70485406,0.68202751,0.69573548,0.6713765,-0.1714908336317479,2,Miércoles,0,19,7,2,127,2.354209800798568,2.111479608286588,0,0,0,0.208643305692223,-0.7361290570959826
cardano,0.6713765,2025-05-08,-1.0901516742948705,2025,5,2025-05,Low Risk,-1.5616686781446565,0.0001999196723251,0.67877619,0.66316392,0.67637565,0.70134673,0.69749864,0.70485406,0.68202751,0.76515375,0.07670523903934928,3,Jueves,0,19,8,2,128,1.0901516742948705,1.9857463130463469,0,0,0,0.1959012393384043,-0.7880932423712224
cardano,0.76515375,2025-05-09,13.9679077239075,2025,5,2025-05,Low Risk,8.55491844652212,0.0009058243773555,0.6713765,0.67877619,0.66316392,0.67637565,0.70134673,0.69749864,0.70485406,0.77730248,1.844627510613299,4,Viernes,0,19,9,2,129,13.9679077239075,3.5030379217604874,0,0,0,0.35738313141477995,-0.1295442499671495
cardano,0.77730248,2025-05-10,1.5877501743930544,2025,5,2025-05,Low Risk,11.441433061432216,0.0016616798978622,0.76515375,0.6713765,0.67877619,0.66316392,0.67637565,0.70134673,0.69749864,0.84005966,1.0153052239773541,5,Sábado,1,19,10,2,130,1.5877501743930544,3.580782517304676,0,0,0,0.3783029164023439,-0.044230019698196496
cardano,0.84005966,2025-05-11,8.073714109338749,2025,5,2025-05,Low Risk,19.778081805557136,0.0036573507641999,0.77730248,0.76515375,0.6713765,0.67877619,0.66316392,0.67637565,0.70134673,0.80486299,0.8153128339909296,6,Domingo,1,19,11,2,131,8.073714109338749,4.655356166245531,0,0,0,0.48636908562545167,0.3964811085884727
cardano,0.80486299,2025-05-12,-4.189782187612723,2025,5,2025-05,Low Risk,18.99644672305987,0.0043027936340638,0.84005966,0.77730248,0.76515375,0.6713765,0.67877619,0.66316392,0.67637565,0.81911038,0.04185084817782266,0,Lunes,0,20,12,2,132,4.189782187612723,4.745261164691352,0,0,0,0.4257613703598855,0.1493131487210346
cardano,0.81911038,2025-05-13,1.770163391411517,2025,5,2025-05,Low Risk,23.515522376428443,0.0044522441000172,0.80486299,0.84005966,0.77730248,0.76515375,0.6713765,0.67877619,0.66316392,0.83125411,-0.6627583242395371,1,Martes,0,20,13,2,133,1.770163391411517,4.719097008822426,0,0,0,0.4502949911938303,0.24936517977214695
cardano,0.83125411,2025-05-14,1.4825511062379615,2025,5,2025-05,Low Risk,22.463651826090132,0.0037894495365788,0.81911038,0.80486299,0.84005966,0.77730248,0.76515375,0.6713765,0.67877619,0.7985816,-1.5484293217088987,2,Miércoles,0,20,14,2,134,1.4825511062379615,4.59457433817091,0,0,0,0.47120616631641754,0.3346442976341778
